run_id,dataset,scene,role,views,seed,method,start_step,end_step,status,psnr,ssim,lpips,geometry_error,log_path
LLFF_fern_v3_s1_A0,LLFF,fern,development,3,1,A0,0,10000,NR,NR,NR,NR,NR,NR
LLFF_fern_v3_s1_A1,LLFF,fern,development,3,1,A1,10000,12000,NR,NR,NR,NR,NR,NR
LLFF_fern_v3_s1_B,LLFF,fern,development,3,1,B,10000,12000,NR,NR,NR,NR,NR,NR
LLFF_fern_v3_s2_A0,LLFF,fern,development,3,2,A0,0,10000,NR,NR,NR,NR,NR,NR
LLFF_fern_v3_s2_A1,LLFF,fern,development,3,2,A1,10000,12000,NR,NR,NR,NR,NR,NR
LLFF_fern_v3_s2_B,LLFF,fern,development,3,2,B,10000,12000,NR,NR,NR,NR,NR,NR
LLFF_fern_v3_s3_A0,LLFF,fern,development,3,3,A0,0,10000,NR,NR,NR,NR,NR,NR
LLFF_fern_v3_s3_A1,LLFF,fern,development,3,3,A1,10000,12000,NR,NR,NR,NR,NR,NR
LLFF_fern_v3_s3_B,LLFF,fern,development,3,3,B,10000,12000,NR,NR,NR,NR,NR,NR
LLFF_room_v3_s1_A0,LLFF,room,development,3,1,A0,0,10000,NR,NR,NR,NR,NR,NR
LLFF_room_v3_s1_A1,LLFF,room,development,3,1,A1,10000,12000,NR,NR,NR,NR,NR,NR
LLFF_room_v3_s1_B,LLFF,room,development,3,1,B,10000,12000,NR,NR,NR,NR,NR,NR
LLFF_room_v3_s2_A0,LLFF,room,development,3,2,A0,0,10000,NR,NR,NR,NR,NR,NR
LLFF_room_v3_s2_A1,LLFF,room,development,3,2,A1,10000,12000,NR,NR,NR,NR,NR,NR
LLFF_room_v3_s2_B,LLFF,room,development,3,2,B,10000,12000,NR,NR,NR,NR,NR,NR
LLFF_room_v3_s3_A0,LLFF,room,development,3,3,A0,0,10000,NR,NR,NR,NR,NR,NR
LLFF_room_v3_s3_A1,LLFF,room,development,3,3,A1,10000,12000,NR,NR,NR,NR,NR,NR
LLFF_room_v3_s3_B,LLFF,room,development,3,3,B,10000,12000,NR,NR,NR,NR,NR,NR
LLFF_flower_v3_s1_A0,LLFF,flower,confirmatory,3,1,A0,0,10000,NR,NR,NR,NR,NR,NR
LLFF_flower_v3_s1_A1,LLFF,flower,confirmatory,3,1,A1,10000,12000,NR,NR,NR,NR,NR,NR
LLFF_flower_v3_s1_B,LLFF,flower,confirmatory,3,1,B,10000,12000,NR,NR,NR,NR,NR,NR
LLFF_flower_v3_s2_A0,LLFF,flower,confirmatory,3,2,A0,0,10000,NR,NR,NR,NR,NR,NR
LLFF_flower_v3_s2_A1,LLFF,flower,confirmatory,3,2,A1,10000,12000,NR,NR,NR,NR,NR,NR
LLFF_flower_v3_s2_B,LLFF,flower,confirmatory,3,2,B,10000,12000,NR,NR,NR,NR,NR,NR
LLFF_flower_v3_s3_A0,LLFF,flower,confirmatory,3,3,A0,0,10000,NR,NR,NR,NR,NR,NR
LLFF_flower_v3_s3_A1,LLFF,flower,confirmatory,3,3,A1,10000,12000,NR,NR,NR,NR,NR,NR
LLFF_flower_v3_s3_B,LLFF,flower,confirmatory,3,3,B,10000,12000,NR,NR,NR,NR,NR,NR
LLFF_fortress_v3_s1_A0,LLFF,fortress,confirmatory,3,1,A0,0,10000,NR,NR,NR,NR,NR,NR
LLFF_fortress_v3_s1_A1,LLFF,fortress,confirmatory,3,1,A1,10000,12000,NR,NR,NR,NR,NR,NR
LLFF_fortress_v3_s1_B,LLFF,fortress,confirmatory,3,1,B,10000,12000,NR,NR,NR,NR,NR,NR
LLFF_fortress_v3_s2_A0,LLFF,fortress,confirmatory,3,2,A0,0,10000,NR,NR,NR,NR,NR,NR
LLFF_fortress_v3_s2_A1,LLFF,fortress,confirmatory,3,2,A1,10000,12000,NR,NR,NR,NR,NR,NR
LLFF_fortress_v3_s2_B,LLFF,fortress,confirmatory,3,2,B,10000,12000,NR,NR,NR,NR,NR,NR
LLFF_fortress_v3_s3_A0,LLFF,fortress,confirmatory,3,3,A0,0,10000,NR,NR,NR,NR,NR,NR
LLFF_fortress_v3_s3_A1,LLFF,fortress,confirmatory,3,3,A1,10000,12000,NR,NR,NR,NR,NR,NR
LLFF_fortress_v3_s3_B,LLFF,fortress,confirmatory,3,3,B,10000,12000,NR,NR,NR,NR,NR,NR
LLFF_horns_v3_s1_A0,LLFF,horns,confirmatory,3,1,A0,0,10000,NR,NR,NR,NR,NR,NR
LLFF_horns_v3_s1_A1,LLFF,horns,confirmatory,3,1,A1,10000,12000,NR,NR,NR,NR,NR,NR
LLFF_horns_v3_s1_B,LLFF,horns,confirmatory,3,1,B,10000,12000,NR,NR,NR,NR,NR,NR
LLFF_horns_v3_s2_A0,LLFF,horns,confirmatory,3,2,A0,0,10000,NR,NR,NR,NR,NR,NR
LLFF_horns_v3_s2_A1,LLFF,horns,confirmatory,3,2,A1,10000,12000,NR,NR,NR,NR,NR,NR
LLFF_horns_v3_s2_B,LLFF,horns,confirmatory,3,2,B,10000,12000,NR,NR,NR,NR,NR,NR
LLFF_horns_v3_s3_A0,LLFF,horns,confirmatory,3,3,A0,0,10000,NR,NR,NR,NR,NR,NR
LLFF_horns_v3_s3_A1,LLFF,horns,confirmatory,3,3,A1,10000,12000,NR,NR,NR,NR,NR,NR
LLFF_horns_v3_s3_B,LLFF,horns,confirmatory,3,3,B,10000,12000,NR,NR,NR,NR,NR,NR
LLFF_leaves_v3_s1_A0,LLFF,leaves,confirmatory,3,1,A0,0,10000,NR,NR,NR,NR,NR,NR
LLFF_leaves_v3_s1_A1,LLFF,leaves,confirmatory,3,1,A1,10000,12000,NR,NR,NR,NR,NR,NR
LLFF_leaves_v3_s1_B,LLFF,leaves,confirmatory,3,1,B,10000,12000,NR,NR,NR,NR,NR,NR
LLFF_leaves_v3_s2_A0,LLFF,leaves,confirmatory,3,2,A0,0,10000,NR,NR,NR,NR,NR,NR
LLFF_leaves_v3_s2_A1,LLFF,leaves,confirmatory,3,2,A1,10000,12000,NR,NR,NR,NR,NR,NR
LLFF_leaves_v3_s2_B,LLFF,leaves,confirmatory,3,2,B,10000,12000,NR,NR,NR,NR,NR,NR
LLFF_leaves_v3_s3_A0,LLFF,leaves,confirmatory,3,3,A0,0,10000,NR,NR,NR,NR,NR,NR
LLFF_leaves_v3_s3_A1,LLFF,leaves,confirmatory,3,3,A1,10000,12000,NR,NR,NR,NR,NR,NR
LLFF_leaves_v3_s3_B,LLFF,leaves,confirmatory,3,3,B,10000,12000,NR,NR,NR,NR,NR,NR
LLFF_orchids_v3_s1_A0,LLFF,orchids,confirmatory,3,1,A0,0,10000,NR,NR,NR,NR,NR,NR
LLFF_orchids_v3_s1_A1,LLFF,orchids,confirmatory,3,1,A1,10000,12000,NR,NR,NR,NR,NR,NR
LLFF_orchids_v3_s1_B,LLFF,orchids,confirmatory,3,1,B,10000,12000,NR,NR,NR,NR,NR,NR
LLFF_orchids_v3_s2_A0,LLFF,orchids,confirmatory,3,2,A0,0,10000,NR,NR,NR,NR,NR,NR
LLFF_orchids_v3_s2_A1,LLFF,orchids,confirmatory,3,2,A1,10000,12000,NR,NR,NR,NR,NR,NR
LLFF_orchids_v3_s2_B,LLFF,orchids,confirmatory,3,2,B,10000,12000,NR,NR,NR,NR,NR,NR
LLFF_orchids_v3_s3_A0,LLFF,orchids,confirmatory,3,3,A0,0,10000,NR,NR,NR,NR,NR,NR
LLFF_orchids_v3_s3_A1,LLFF,orchids,confirmatory,3,3,A1,10000,12000,NR,NR,NR,NR,NR,NR
LLFF_orchids_v3_s3_B,LLFF,orchids,confirmatory,3,3,B,10000,12000,NR,NR,NR,NR,NR,NR
LLFF_trex_v3_s1_A0,LLFF,trex,confirmatory,3,1,A0,0,10000,NR,NR,NR,NR,NR,NR
LLFF_trex_v3_s1_A1,LLFF,trex,confirmatory,3,1,A1,10000,12000,NR,NR,NR,NR,NR,NR
LLFF_trex_v3_s1_B,LLFF,trex,confirmatory,3,1,B,10000,12000,NR,NR,NR,NR,NR,NR
LLFF_trex_v3_s2_A0,LLFF,trex,confirmatory,3,2,A0,0,10000,NR,NR,NR,NR,NR,NR
LLFF_trex_v3_s2_A1,LLFF,trex,confirmatory,3,2,A1,10000,12000,NR,NR,NR,NR,NR,NR
LLFF_trex_v3_s2_B,LLFF,trex,confirmatory,3,2,B,10000,12000,NR,NR,NR,NR,NR,NR
LLFF_trex_v3_s3_A0,LLFF,trex,confirmatory,3,3,A0,0,10000,NR,NR,NR,NR,NR,NR
LLFF_trex_v3_s3_A1,LLFF,trex,confirmatory,3,3,A1,10000,12000,NR,NR,NR,NR,NR,NR
LLFF_trex_v3_s3_B,LLFF,trex,confirmatory,3,3,B,10000,12000,NR,NR,NR,NR,NR,NR
LLFF_fern_v3_s1_SelfRender,LLFF,fern,development,3,1,SelfRender,10000,12000,NR,NR,NR,NR,NR,NR
LLFF_fern_v3_s2_SelfRender,LLFF,fern,development,3,2,SelfRender,10000,12000,NR,NR,NR,NR,NR,NR
LLFF_fern_v3_s3_SelfRender,LLFF,fern,development,3,3,SelfRender,10000,12000,NR,NR,NR,NR,NR,NR
LLFF_room_v3_s1_SelfRender,LLFF,room,development,3,1,SelfRender,10000,12000,NR,NR,NR,NR,NR,NR
LLFF_room_v3_s2_SelfRender,LLFF,room,development,3,2,SelfRender,10000,12000,NR,NR,NR,NR,NR,NR
LLFF_room_v3_s3_SelfRender,LLFF,room,development,3,3,SelfRender,10000,12000,NR,NR,NR,NR,NR,NR
LLFF_flower_v3_s1_SelfRender,LLFF,flower,confirmatory,3,1,SelfRender,10000,12000,NR,NR,NR,NR,NR,NR
LLFF_flower_v3_s2_SelfRender,LLFF,flower,confirmatory,3,2,SelfRender,10000,12000,NR,NR,NR,NR,NR,NR
LLFF_flower_v3_s3_SelfRender,LLFF,flower,confirmatory,3,3,SelfRender,10000,12000,NR,NR,NR,NR,NR,NR
LLFF_fortress_v3_s1_SelfRender,LLFF,fortress,confirmatory,3,1,SelfRender,10000,12000,NR,NR,NR,NR,NR,NR
LLFF_fortress_v3_s2_SelfRender,LLFF,fortress,confirmatory,3,2,SelfRender,10000,12000,NR,NR,NR,NR,NR,NR
LLFF_fortress_v3_s3_SelfRender,LLFF,fortress,confirmatory,3,3,SelfRender,10000,12000,NR,NR,NR,NR,NR,NR
LLFF_horns_v3_s1_SelfRender,LLFF,horns,confirmatory,3,1,SelfRender,10000,12000,NR,NR,NR,NR,NR,NR
LLFF_horns_v3_s2_SelfRender,LLFF,horns,confirmatory,3,2,SelfRender,10000,12000,NR,NR,NR,NR,NR,NR
LLFF_horns_v3_s3_SelfRender,LLFF,horns,confirmatory,3,3,SelfRender,10000,12000,NR,NR,NR,NR,NR,NR
LLFF_leaves_v3_s1_SelfRender,LLFF,leaves,confirmatory,3,1,SelfRender,10000,12000,NR,NR,NR,NR,NR,NR
LLFF_leaves_v3_s2_SelfRender,LLFF,leaves,confirmatory,3,2,SelfRender,10000,12000,NR,NR,NR,NR,NR,NR
LLFF_leaves_v3_s3_SelfRender,LLFF,leaves,confirmatory,3,3,SelfRender,10000,12000,NR,NR,NR,NR,NR,NR
LLFF_orchids_v3_s1_SelfRender,LLFF,orchids,confirmatory,3,1,SelfRender,10000,12000,NR,NR,NR,NR,NR,NR
LLFF_orchids_v3_s2_SelfRender,LLFF,orchids,confirmatory,3,2,SelfRender,10000,12000,NR,NR,NR,NR,NR,NR
LLFF_orchids_v3_s3_SelfRender,LLFF,orchids,confirmatory,3,3,SelfRender,10000,12000,NR,NR,NR,NR,NR,NR
LLFF_trex_v3_s1_SelfRender,LLFF,trex,confirmatory,3,1,SelfRender,10000,12000,NR,NR,NR,NR,NR,NR
LLFF_trex_v3_s2_SelfRender,LLFF,trex,confirmatory,3,2,SelfRender,10000,12000,NR,NR,NR,NR,NR,NR
LLFF_trex_v3_s3_SelfRender,LLFF,trex,confirmatory,3,3,SelfRender,10000,12000,NR,NR,NR,NR,NR,NR
